"Name","Id","PriorityClass","FileVersion","HandleCount","WorkingSet","PagedMemorySize","PrivateMemorySize","VirtualMemorySize","TotalProcessorTime","SI","Handles","VM","WS","PM","NPM","Path","Company","CPU","ProductVersion","Description","Product","__NounName","BasePriority","ExitCode","HasExited","ExitTime","Handle","SafeHandle","MachineName","MainWindowHandle","MainWindowTitle","MainModule","MaxWorkingSet","MinWorkingSet","Modules","NonpagedSystemMemorySize","NonpagedSystemMemorySize64","PagedMemorySize64","PagedSystemMemorySize","PagedSystemMemorySize64","PeakPagedMemorySize","PeakPagedMemorySize64","PeakWorkingSet","PeakWorkingSet64","PeakVirtualMemorySize","PeakVirtualMemorySize64","PriorityBoostEnabled","PrivateMemorySize64","PrivilegedProcessorTime","ProcessName","ProcessorAffinity","Responding","SessionId","StartInfo","StartTime","SynchronizingObject","Threads","UserProcessorTime","VirtualMemorySize64","EnableRaisingEvents","StandardInput","StandardOutput","StandardError","WorkingSet64","Site","Container"
"certsrv","3368",,,"376","21225472","12873728","12873728","219271168",,"0","376","2203537494016","21225472","12873728","34968",,,,,,,"Process","8",,,,,,"LON-DC1.Adatum.com",,,,,,,"34968","34968","12873728","211920","211920","13172736","13172736","21360640","21360640","224534528","2203542757376",,"12873728",,"certsrv",,,"0","System.Diagnostics.ProcessStartInfo",,,"System.Diagnostics.ProcessThreadCollection",,"2203537494016","False",,,,"21225472",,
"ChtIME","3856",,,"121","6492160","1261568","1261568","67715072",,"0","121","2203385937920","6492160","1261568","7728",,,,,,,"Process","8",,,,,,"LON-SVR1.Adatum.com",,,,,,,"7728","7728","1261568","68632","68632","1376256","1376256","6860800","6860800","69812224","2203388035072",,"1261568",,"ChtIME",,,"0","System.Diagnostics.ProcessStartInfo",,,"System.Diagnostics.ProcessThreadCollection",,"2203385937920","False",,,,"6492160",,
"ChtIME","4620",,,"121","6451200","1249280","1249280","67715072",,"0","121","2203385937920","6451200","1249280","7728",,,,,,,"Process","8",,,,,,"LON-DC1.Adatum.com",,,,,,,"7728","7728","1249280","68632","68632","1363968","1363968","6844416","6844416","69812224","2203388035072",,"1249280",,"ChtIME",,,"0","System.Diagnostics.ProcessStartInfo",,,"System.Diagnostics.ProcessThreadCollection",,"2203385937920","False",,,,"6451200",,
"csrss","424",,,"476","5300224","2293760","2293760","92180480",,"0","476","2203410403328","5300224","2293760","19368",,,,,,,"Process","13",,,,,,"LON-DC1.Adatum.com",,,,,,,"19368","19368","2293760","219704","219704","2347008","2347008","5468160","5468160","94343168","2203412566016",,"2293760",,"csrss",,,"0","System.Diagnostics.ProcessStartInfo",,,"System.Diagnostics.ProcessThreadCollection",,"2203410403328","False",,,,"5300224",,
"csrss","428",,,"448","5255168","2289664","2289664","90931200",,"0","448","2203409154048","5255168","2289664","18280",,,,,,,"Process","13",,,,,,"LON-SVR1.Adatum.com",,,,,,,"18280","18280","2289664","216112","216112","2342912","2342912","5361664","5361664","94019584","2203412242432",,"2289664",,"csrss",,,"0","System.Diagnostics.ProcessStartInfo",,,"System.Diagnostics.ProcessThreadCollection",,"2203409154048","False",,,,"5255168",,
"csrss","496",,,"168","4530176","1744896","1744896","83927040",,"0","168","2203402149888","4530176","1744896","10416",,,,,,,"Process","13",,,,,,"LON-DC1.Adatum.com",,,,,,,"10416","10416","1744896","114344","114344","1904640","1904640","5042176","5042176","86568960","2203404791808",,"1744896",,"csrss",,,"0","System.Diagnostics.ProcessStartInfo",,,"System.Diagnostics.ProcessThreadCollection",,"2203402149888","False",,,,"4530176",,
"csrss","496",,,"166","4521984","1675264","1675264","83664896",,"0","166","2203401887744","4521984","1675264","10280",,,,,,,"Process","13",,,,,,"LON-SVR1.Adatum.com",,,,,,,"10280","10280","1675264","114344","114344","1789952","1789952","4976640","4976640","85913600","2203404136448",,"1675264",,"csrss",,,"0","System.Diagnostics.ProcessStartInfo",,,"System.Diagnostics.ProcessThreadCollection",,"2203401887744","False",,,,"4521984",,
"dfsrs","3428",,,"386","23445504","16773120","16773120","200015872",,"0","386","2203518238720","23445504","16773120","32800",,,,,,,"Process","8",,,,,,"LON-DC1.Adatum.com",,,,,,,"32800","32800","16773120","154144","154144","19013632","19013632","23773184","23773184","201592832","2203519815680",,"16773120",,"dfsrs",,,"0","System.Diagnostics.ProcessStartInfo",,,"System.Diagnostics.ProcessThreadCollection",,"2203518238720","False",,,,"23445504",,
"dfssvc","3708",,,"176","7299072","2330624","2330624","71122944",,"0","176","2203389345792","7299072","2330624","11016",,,,,,,"Process","8",,,,,,"LON-DC1.Adatum.com",,,,,,,"11016","11016","2330624","61008","61008","2441216","2441216","7340032","7340032","72175616","2203390398464",,"2330624",,"dfssvc",,,"0","System.Diagnostics.ProcessStartInfo",,,"System.Diagnostics.ProcessThreadCollection",,"2203389345792","False",,,,"7299072",,
"dns","3488",,,"10367","135016448","136474624","136474624","212590592",,"0","10367","2203530813440","135016448","136474624","9002736",,,,,,,"Process","8",,,,,,"LON-DC1.Adatum.com",,,,,,,"9002736","9002736","136474624","1284888","1284888","137674752","137674752","135155712","135155712","214691840","2203532914688",,"136474624",,"dns",,,"0","System.Diagnostics.ProcessStartInfo",,,"System.Diagnostics.ProcessThreadCollection",,"2203530813440","False",,,,"135016448",,
"dwm","940",,,"533","37294080","15933440","15933440","208973824",,"0","533","2203527196672","37294080","15933440","25416",,,,,,,"Process","13",,,,,,"LON-SVR1.Adatum.com",,,,,,,"25416","25416","15933440","301944","301944","17915904","17915904","38195200","38195200","212922368","2203531145216",,"15933440",,"dwm",,,"0","System.Diagnostics.ProcessStartInfo",,,"System.Diagnostics.ProcessThreadCollection",,"2203527196672","False",,,,"37294080",,
"dwm","980",,,"531","37564416","16216064","16216064","210010112",,"0","531","2203528232960","37564416","16216064","25552",,,,,,,"Process","13",,,,,,"LON-DC1.Adatum.com",,,,,,,"25552","25552","16216064","301888","301888","18100224","18100224","38440960","38440960","213463040","2203531685888",,"16216064",,"dwm",,,"0","System.Diagnostics.ProcessStartInfo",,,"System.Diagnostics.ProcessThreadCollection",,"2203528232960","False",,,,"37564416",,
"fontdrvhost","736",,,"49","4108288","1519616","1519616","95858688",,"0","49","2203414081536","4108288","1519616","6112",,,,,,,"Process","8",,,,,,"LON-SVR1.Adatum.com",,,,,,,"6112","6112","1519616","90808","90808","1576960","1576960","4112384","4112384","96907264","2203415130112",,"1519616",,"fontdrvhost",,,"0","System.Diagnostics.ProcessStartInfo",,,"System.Diagnostics.ProcessThreadCollection",,"2203414081536","False",,,,"4108288",,
"fontdrvhost","744",,,"49","4198400","1605632","1605632","96247808",,"0","49","2203414470656","4198400","1605632","6248",,,,,,,"Process","8",,,,,,"LON-SVR1.Adatum.com",,,,,,,"6248","6248","1605632","91568","91568","1667072","1667072","4202496","4202496","97296384","2203415519232",,"1605632",,"fontdrvhost",,,"0","System.Diagnostics.ProcessStartInfo",,,"System.Diagnostics.ProcessThreadCollection",,"2203414470656","False",,,,"4198400",,
"fontdrvhost","3264",,,"49","4136960","1527808","1527808","95858688",,"0","49","2203414081536","4136960","1527808","6112",,,,,,,"Process","8",,,,,,"LON-DC1.Adatum.com",,,,,,,"6112","6112","1527808","90808","90808","1585152","1585152","4153344","4153344","96907264","2203415130112",,"1527808",,"fontdrvhost",,,"0","System.Diagnostics.ProcessStartInfo",,,"System.Diagnostics.ProcessThreadCollection",,"2203414081536","False",,,,"4136960",,
"fontdrvhost","3272",,,"49","4177920","1564672","1564672","96133120",,"0","49","2203414355968","4177920","1564672","6112",,,,,,,"Process","8",,,,,,"LON-DC1.Adatum.com",,,,,,,"6112","6112","1564672","91344","91344","1626112","1626112","4194304","4194304","97181696","2203415404544",,"1564672",,"fontdrvhost",,,"0","System.Diagnostics.ProcessStartInfo",,,"System.Diagnostics.ProcessThreadCollection",,"2203414355968","False",,,,"4177920",,
"Idle","0",,,"0","8192","57344","57344","8192",,"0","0","8192","8192","57344","272",,,,,,,"Process","0",,,,,,"LON-DC1.Adatum.com",,,,,,,"272","272","57344","0","0","57344","57344","12288","12288","8192","8192",,"57344",,"Idle",,,"0","System.Diagnostics.ProcessStartInfo",,,"System.Diagnostics.ProcessThreadCollection",,"8192","False",,,,"8192",,
"Idle","0",,,"0","8192","57344","57344","8192",,"0","0","8192","8192","57344","272",,,,,,,"Process","0",,,,,,"LON-SVR1.Adatum.com",,,,,,,"272","272","57344","0","0","57344","57344","12288","12288","8192","8192",,"57344",,"Idle",,,"0","System.Diagnostics.ProcessStartInfo",,,"System.Diagnostics.ProcessThreadCollection",,"8192","False",,,,"8192",,
"inetinfo","3500",,,"195","14028800","5468160","5468160","98971648",,"0","195","2203417194496","14028800","5468160","15328",,,,,,,"Process","8",,,,,,"LON-DC1.Adatum.com",,,,,,,"15328","15328","5468160","107320","107320","5632000","5632000","14344192","14344192","101593088","2203419815936",,"5468160",,"inetinfo",,,"0","System.Diagnostics.ProcessStartInfo",,,"System.Diagnostics.ProcessThreadCollection",,"2203417194496","False",,,,"14028800",,
"ismserv","3516",,,"129","5505024","1961984","1961984","66785280",,"0","129","2203385008128","5505024","1961984","12296",,,,,,,"Process","8",,,,,,"LON-DC1.Adatum.com",,,,,,,"12296","12296","1961984","49008","49008","2301952","2301952","5816320","5816320","70967296","2203389190144",,"1961984",,"ismserv",,,"0","System.Diagnostics.ProcessStartInfo",,,"System.Diagnostics.ProcessThreadCollection",,"2203385008128","False",,,,"5505024",,
"LogonUI","932",,,"606","55238656","18006016","18006016","344612864",,"0","606","2203662835712","55238656","18006016","33768",,,,,,,"Process","13",,,,,,"LON-SVR1.Adatum.com",,,,,,,"33768","33768","18006016","594872","594872","18427904","18427904","56254464","56254464","351948800","2203670171648",,"18006016",,"LogonUI",,,"0","System.Diagnostics.ProcessStartInfo",,,"System.Diagnostics.ProcessThreadCollection",,"2203662835712","False",,,,"55238656",,
"LogonUI","972",,,"604","55013376","18149376","18149376","344600576",,"0","604","2203662823424","55013376","18149376","33768",,,,,,,"Process","13",,,,,,"LON-DC1.Adatum.com",,,,,,,"33768","33768","18149376","591536","591536","18583552","18583552","56131584","56131584","351412224","2203669635072",,"18149376",,"LogonUI",,,"0","System.Diagnostics.ProcessStartInfo",,,"System.Diagnostics.ProcessThreadCollection",,"2203662823424","False",,,,"55013376",,
"lsass","628",,,"1903","58646528","43548672","43548672","270577664",,"0","1903","2203588800512","58646528","43548672","135568",,,,,,,"Process","9",,,,,,"LON-DC1.Adatum.com",,,,,,,"135568","135568","43548672","302144","302144","80814080","80814080","81899520","81899520","296452096","2203614674944",,"43548672",,"lsass",,,"0","System.Diagnostics.ProcessStartInfo",,,"System.Diagnostics.ProcessThreadCollection",,"2203588800512","False",,,,"58646528",,
"lsass","628",,,"1060","18038784","6963200","6963200","88621056",,"0","1060","2203406843904","18038784","6963200","29496",,,,,,,"Process","9",,,,,,"LON-SVR1.Adatum.com",,,,,,,"29496","29496","6963200","124560","124560","7401472","7401472","18395136","18395136","90419200","2203408642048",,"6963200",,"lsass",,,"0","System.Diagnostics.ProcessStartInfo",,,"System.Diagnostics.ProcessThreadCollection",,"2203406843904","False",,,,"18038784",,
"Microsoft.ActiveDirectory.WebServices","3376",,,"616","67338240","55476224","55476224","660766720",,"0","616","4955734016","67338240","55476224","35192",,,,,,,"Process","8",,,,,,"LON-DC1.Adatum.com",,,,,,,"35192","35192","55476224","405000","405000","60301312","60301312","71114752","71114752","665133056","4960100352",,"55476224",,"Microsoft.ActiveDirectory.WebServices",,,"0","System.Diagnostics.ProcessStartInfo",,,"System.Diagnostics.ProcessThreadCollection",,"4955734016","False",,,,"67338240",,
"msdtc","3524",,,"221","10149888","3117056","3117056","87003136",,"0","221","2203405225984","10149888","3117056","13216",,,,,,,"Process","8",,,,,,"LON-DC1.Adatum.com",,,,,,,"13216","13216","3117056","93720","93720","3764224","3764224","11206656","11206656","89116672","2203407339520",,"3117056",,"msdtc",,,"0","System.Diagnostics.ProcessStartInfo",,,"System.Diagnostics.ProcessThreadCollection",,"2203405225984","False",,,,"10149888",,
"msdtc","4916",,,"221","10285056","2891776","2891776","87003136",,"0","221","2203405225984","10285056","2891776","13216",,,,,,,"Process","8",,,,,,"LON-SVR1.Adatum.com",,,,,,,"13216","13216","2891776","93720","93720","3518464","3518464","10948608","10948608","88633344","2203406856192",,"2891776",,"msdtc",,,"0","System.Diagnostics.ProcessStartInfo",,,"System.Diagnostics.ProcessThreadCollection",,"2203405225984","False",,,,"10285056",,
"MsMpEng","3020",,,"704","163061760","291045376","291045376","842510336",,"0","704","2204160733184","163061760","291045376","215376",,,,,,,"Process","8",,,,,,"LON-SVR1.Adatum.com",,,,,,,"215376","215376","291045376","713240","713240","1003184128","1003184128","950407168","950407168","1461141504","2204779364352",,"291045376",,"MsMpEng",,,"0","System.Diagnostics.ProcessStartInfo",,,"System.Diagnostics.ProcessThreadCollection",,"2204160733184","False",,,,"163061760",,
"MsMpEng","5076",,,"713","159076352","294121472","294121472","838524928",,"0","713","2204156747776","159076352","294121472","215904",,,,,,,"Process","8",,,,,,"LON-DC1.Adatum.com",,,,,,,"215904","215904","294121472","715368","715368","985513984","985513984","935006208","935006208","1423265792","2204741488640",,"294121472",,"MsMpEng",,,"0","System.Diagnostics.ProcessStartInfo",,,"System.Diagnostics.ProcessThreadCollection",,"2204156747776","False",,,,"159076352",,
"Registry","68",,,"0","78565376","274432","274432","84406272",,"0","0","84406272","78565376","274432","13056",,,,,,,"Process","8",,,,,,"LON-DC1.Adatum.com",,,,,,,"13056","13056","274432","169080","169080","93224960","93224960","159334400","159334400","166195200","166195200",,"274432",,"Registry",,,"0","System.Diagnostics.ProcessStartInfo",,,"System.Diagnostics.ProcessThreadCollection",,"84406272","False",,,,"78565376",,
"Registry","68",,,"0","76627968","270336","270336","80625664",,"0","0","80625664","76627968","270336","11832",,,,,,,"Process","8",,,,,,"LON-SVR1.Adatum.com",,,,,,,"11832","11832","270336","161696","161696","88842240","88842240","199487488","199487488","213794816","213794816",,"270336",,"Registry",,,"0","System.Diagnostics.ProcessStartInfo",,,"System.Diagnostics.ProcessThreadCollection",,"80625664","False",,,,"76627968",,
"SecurityHealthService","8",,,"228","11382784","2654208","2654208","84664320",,"0","228","2203402887168","11382784","2654208","11528",,,,,,,"Process","8",,,,,,"LON-SVR1.Adatum.com",,,,,,,"11528","11528","2654208","112272","112272","2859008","2859008","11546624","11546624","86761472","2203404984320",,"2654208",,"SecurityHealthService",,,"0","System.Diagnostics.ProcessStartInfo",,,"System.Diagnostics.ProcessThreadCollection",,"2203402887168","False",,,,"11382784",,
"SecurityHealthService","492",,,"228","11374592","2662400","2662400","84664320",,"0","228","2203402887168","11374592","2662400","11528",,,,,,,"Process","8",,,,,,"LON-DC1.Adatum.com",,,,,,,"11528","11528","2662400","112272","112272","2850816","2850816","11534336","11534336","86761472","2203404984320",,"2662400",,"SecurityHealthService",,,"0","System.Diagnostics.ProcessStartInfo",,,"System.Diagnostics.ProcessThreadCollection",,"2203402887168","False",,,,"11374592",,
"services","620",,,"639","13357056","5824512","5824512","85417984",,"0","639","2203403640832","13357056","5824512","13976",,,,,,,"Process","9",,,,,,"LON-DC1.Adatum.com",,,,,,,"13976","13976","5824512","178072","178072","13881344","13881344","15151104","15151104","179236864","2203497459712",,"5824512",,"services",,,"0","System.Diagnostics.ProcessStartInfo",,,"System.Diagnostics.ProcessThreadCollection",,"2203403640832","False",,,,"13357056",,
"services","620",,,"594","12984320","5566464","5566464","80683008",,"0","594","2203398905856","12984320","5566464","13568",,,,,,,"Process","9",,,,,,"LON-SVR1.Adatum.com",,,,,,,"13568","13568","5566464","170456","170456","11722752","11722752","14659584","14659584","156954624","2203475177472",,"5566464",,"services",,,"0","System.Diagnostics.ProcessStartInfo",,,"System.Diagnostics.ProcessThreadCollection",,"2203398905856","False",,,,"12984320",,
"smss","304",,,"53","921600","507904","507904","40353792",,"0","53","2203358576640","921600","507904","3224",,,,,,,"Process","11",,,,,,"LON-DC1.Adatum.com",,,,,,,"3224","3224","507904","13104","13104","577536","577536","1269760","1269760","62828544","2203381051392",,"507904",,"smss",,,"0","System.Diagnostics.ProcessStartInfo",,,"System.Diagnostics.ProcessThreadCollection",,"2203358576640","False",,,,"921600",,
"smss","308",,,"53","921600","516096","516096","40353792",,"0","53","2203358576640","921600","516096","3224",,,,,,,"Process","11",,,,,,"LON-SVR1.Adatum.com",,,,,,,"3224","3224","516096","13104","13104","589824","589824","1269760","1269760","62828544","2203381051392",,"516096",,"smss",,,"0","System.Diagnostics.ProcessStartInfo",,,"System.Diagnostics.ProcessThreadCollection",,"2203358576640","False",,,,"921600",,
"spoolsv","2332",,,"461","16564224","5599232","5599232","141418496",,"0","461","2203459641344","16564224","5599232","22360",,,,,,,"Process","8",,,,,,"LON-SVR1.Adatum.com",,,,,,,"22360","22360","5599232","215480","215480","6041600","6041600","16601088","16601088","143253504","2203461476352",,"5599232",,"spoolsv",,,"0","System.Diagnostics.ProcessStartInfo",,,"System.Diagnostics.ProcessThreadCollection",,"2203459641344","False",,,,"16564224",,
"spoolsv","3304",,,"461","16596992","5648384","5648384","141680640",,"0","461","2203459903488","16596992","5648384","22496",,,,,,,"Process","8",,,,,,"LON-DC1.Adatum.com",,,,,,,"22496","22496","5648384","215480","215480","6082560","6082560","16703488","16703488","143515648","2203461738496",,"5648384",,"spoolsv",,,"0","System.Diagnostics.ProcessStartInfo",,,"System.Diagnostics.ProcessThreadCollection",,"2203459903488","False",,,,"16596992",,
"svchost","296",,,"423","12165120","3584000","3584000","131432448",,"0","423","2203449655296","12165120","3584000","15560",,,,,,,"Process","8",,,,,,"LON-SVR1.Adatum.com",,,,,,,"15560","15560","3584000","190944","190944","4046848","4046848","12787712","12787712","138248192","2203456471040",,"3584000",,"svchost",,,"0","System.Diagnostics.ProcessStartInfo",,,"System.Diagnostics.ProcessThreadCollection",,"2203449655296","False",,,,"12165120",,
"svchost","332",,,"221","7680000","1904640","1904640","75399168",,"0","221","2203393622016","7680000","1904640","12848",,,,,,,"Process","8",,,,,,"LON-SVR1.Adatum.com",,,,,,,"12848","12848","1904640","76440","76440","1998848","1998848","7704576","7704576","75923456","2203394146304",,"1904640",,"svchost",,,"0","System.Diagnostics.ProcessStartInfo",,,"System.Diagnostics.ProcessThreadCollection",,"2203393622016","False",,,,"7680000",,
"svchost","348",,,"424","12185600","3641344","3641344","131432448",,"0","424","2203449655296","12185600","3641344","15848",,,,,,,"Process","8",,,,,,"LON-DC1.Adatum.com",,,,,,,"15848","15848","3641344","190944","190944","4075520","4075520","12713984","12713984","139296768","2203457519616",,"3641344",,"svchost",,,"0","System.Diagnostics.ProcessStartInfo",,,"System.Diagnostics.ProcessThreadCollection",,"2203449655296","False",,,,"12185600",,
"svchost","356",,,"255","10588160","3276800","3276800","104026112",,"0","255","2203422248960","10588160","3276800","13136",,,,,,,"Process","8",,,,,,"LON-DC1.Adatum.com",,,,,,,"13136","13136","3276800","140648","140648","3985408","3985408","11489280","11489280","110407680","2203428630528",,"3276800",,"svchost",,,"0","System.Diagnostics.ProcessStartInfo",,,"System.Diagnostics.ProcessThreadCollection",,"2203422248960","False",,,,"10588160",,
"svchost","420",,,"154","6565888","1871872","1871872","74104832",,"0","154","2203392327680","6565888","1871872","9680",,,,,,,"Process","8",,,,,,"LON-DC1.Adatum.com",,,,,,,"9680","9680","1871872","75056","75056","1941504","1941504","6901760","6901760","75153408","2203393376256",,"1871872",,"svchost",,,"0","System.Diagnostics.ProcessStartInfo",,,"System.Diagnostics.ProcessThreadCollection",,"2203392327680","False",,,,"6565888",,
"svchost","424",,,"156","6664192","1884160","1884160","70733824",,"0","156","2203388956672","6664192","1884160","9544",,,,,,,"Process","8",,,,,,"LON-SVR1.Adatum.com",,,,,,,"9544","9544","1884160","68472","68472","1884160","1884160","6696960","6696960","71258112","2203389480960",,"1884160",,"svchost",,,"0","System.Diagnostics.ProcessStartInfo",,,"System.Diagnostics.ProcessThreadCollection",,"2203388956672","False",,,,"6664192",,
"svchost","488",,,"115","6873088","2895872","2895872","65167360",,"0","115","2203383390208","6873088","2895872","14560",,,,,,,"Process","8",,,,,,"LON-SVR1.Adatum.com",,,,,,,"14560","14560","2895872","60752","60752","3117056","3117056","7221248","7221248","68837376","2203387060224",,"2895872",,"svchost",,,"0","System.Diagnostics.ProcessStartInfo",,,"System.Diagnostics.ProcessThreadCollection",,"2203383390208","False",,,,"6873088",,
"svchost","488",,,"119","7213056","3252224","3252224","67264512",,"0","119","2203385487360","7213056","3252224","15368",,,,,,,"Process","8",,,,,,"LON-DC1.Adatum.com",,,,,,,"15368","15368","3252224","60752","60752","3739648","3739648","7827456","7827456","70934528","2203389157376",,"3252224",,"svchost",,,"0","System.Diagnostics.ProcessStartInfo",,,"System.Diagnostics.ProcessThreadCollection",,"2203385487360","False",,,,"7213056",,
"svchost","640",,,"116","5767168","1314816","1314816","68288512",,"0","116","2203386511360","5767168","1314816","7200",,,,,,,"Process","8",,,,,,"LON-SVR1.Adatum.com",,,,,,,"7200","7200","1314816","73680","73680","1540096","1540096","6107136","6107136","70860800","2203389083648",,"1314816",,"svchost",,,"0","System.Diagnostics.ProcessStartInfo",,,"System.Diagnostics.ProcessThreadCollection",,"2203386511360","False",,,,"5767168",,
"svchost","692",,,"172","7852032","1740800","1740800","69361664",,"0","172","2203387584512","7852032","1740800","10280",,,,,,,"Process","8",,,,,,"LON-SVR1.Adatum.com",,,,,,,"10280","10280","1740800","75504","75504","2019328","2019328","8224768","8224768","75218944","2203393441792",,"1740800",,"svchost",,,"0","System.Diagnostics.ProcessStartInfo",,,"System.Diagnostics.ProcessThreadCollection",,"2203387584512","False",,,,"7852032",,
"svchost","724",,,"85","3665920","905216","905216","55234560",,"0","85","2203373457408","3665920","905216","5024",,,,,,,"Process","8",,,,,,"LON-SVR1.Adatum.com",,,,,,,"5024","5024","905216","40808","40808","1015808","1015808","4046848","4046848","56807424","2203375030272",,"905216",,"svchost",,,"0","System.Diagnostics.ProcessStartInfo",,,"System.Diagnostics.ProcessThreadCollection",,"2203373457408","False",,,,"3665920",,
"svchost","740",,,"203","7098368","1757184","1757184","71954432",,"0","203","2203390177280","7098368","1757184","12040",,,,,,,"Process","8",,,,,,"LON-DC1.Adatum.com",,,,,,,"12040","12040","1757184","73072","73072","1880064","1880064","7352320","7352320","74575872","2203392798720",,"1757184",,"svchost",,,"0","System.Diagnostics.ProcessStartInfo",,,"System.Diagnostics.ProcessThreadCollection",,"2203390177280","False",,,,"7098368",,
"svchost","800",,,"682","14745600","5681152","5681152","93782016",,"0","682","2203412004864","14745600","5681152","15728",,,,,,,"Process","8",,,,,,"LON-SVR1.Adatum.com",,,,,,,"15728","15728","5681152","288856","288856","5844992","5844992","14831616","14831616","99442688","2203417665536",,"5681152",,"svchost",,,"0","System.Diagnostics.ProcessStartInfo",,,"System.Diagnostics.ProcessThreadCollection",,"2203412004864","False",,,,"14745600",,
"svchost","808",,,"171","7843840","1703936","1703936","69361664",,"0","171","2203387584512","7843840","1703936","10280",,,,,,,"Process","8",,,,,,"LON-DC1.Adatum.com",,,,,,,"10280","10280","1703936","75504","75504","1994752","1994752","8228864","8228864","75128832","2203393351680",,"1703936",,"svchost",,,"0","System.Diagnostics.ProcessStartInfo",,,"System.Diagnostics.ProcessThreadCollection",,"2203387584512","False",,,,"7843840",,
"svchost","816",,,"85","3674112","909312","909312","55234560",,"0","85","2203373457408","3674112","909312","5024",,,,,,,"Process","8",,,,,,"LON-DC1.Adatum.com",,,,,,,"5024","5024","909312","40808","40808","999424","999424","4042752","4042752","56807424","2203375030272",,"909312",,"svchost",,,"0","System.Diagnostics.ProcessStartInfo",,,"System.Diagnostics.ProcessThreadCollection",,"2203373457408","False",,,,"3674112",,
"svchost","832",,,"742","9752576","3813376","3813376","78446592",,"0","742","2203396669440","9752576","3813376","15976",,,,,,,"Process","8",,,,,,"LON-SVR1.Adatum.com",,,,,,,"15976","15976","3813376","105296","105296","4034560","4034560","9928704","9928704","83132416","2203401355264",,"3813376",,"svchost",,,"0","System.Diagnostics.ProcessStartInfo",,,"System.Diagnostics.ProcessThreadCollection",,"2203396669440","False",,,,"9752576",,
"svchost","836",,,"676","14426112","5517312","5517312","93618176",,"0","676","2203411841024","14426112","5517312","15592",,,,,,,"Process","8",,,,,,"LON-DC1.Adatum.com",,,,,,,"15592","15592","5517312","273864","273864","5697536","5697536","14536704","14536704","100417536","2203418640384",,"5517312",,"svchost",,,"0","System.Diagnostics.ProcessStartInfo",,,"System.Diagnostics.ProcessThreadCollection",,"2203411841024","False",,,,"14426112",,
"svchost","848",,,"116","5701632","1228800","1228800","68288512",,"0","116","2203386511360","5701632","1228800","7200",,,,,,,"Process","8",,,,,,"LON-DC1.Adatum.com",,,,,,,"7200","7200","1228800","73248","73248","1540096","1540096","6115328","6115328","70385664","2203388608512",,"1228800",,"svchost",,,"0","System.Diagnostics.ProcessStartInfo",,,"System.Diagnostics.ProcessThreadCollection",,"2203386511360","False",,,,"5701632",,
"svchost","864",,,"791","10039296","4001792","4001792","79761408",,"0","791","2203397984256","10039296","4001792","20208",,,,,,,"Process","8",,,,,,"LON-DC1.Adatum.com",,,,,,,"20208","20208","4001792","109944","109944","4165632","4165632","10129408","10129408","82907136","2203401129984",,"4001792",,"svchost",,,"0","System.Diagnostics.ProcessStartInfo",,,"System.Diagnostics.ProcessThreadCollection",,"2203397984256","False",,,,"10039296",,
"svchost","876",,,"267","7983104","1986560","1986560","75505664",,"0","267","2203393728512","7983104","1986560","10416",,,,,,,"Process","8",,,,,,"LON-SVR1.Adatum.com",,,,,,,"10416","10416","1986560","122520","122520","2105344","2105344","8273920","8273920","78127104","2203396349952",,"1986560",,"svchost",,,"0","System.Diagnostics.ProcessStartInfo",,,"System.Diagnostics.ProcessThreadCollection",,"2203393728512","False",,,,"7983104",,
"svchost","896",,,"125","5492736","1261568","1261568","74395648",,"0","125","2203392618496","5492736","1261568","6928",,,,,,,"Process","8",,,,,,"LON-SVR1.Adatum.com",,,,,,,"6928","6928","1261568","62392","62392","1368064","1368064","5881856","5881856","76492800","2203394715648",,"1261568",,"svchost",,,"0","System.Diagnostics.ProcessStartInfo",,,"System.Diagnostics.ProcessThreadCollection",,"2203392618496","False",,,,"5492736",,
"svchost","912",,,"267","7921664","1949696","1949696","75505664",,"0","267","2203393728512","7921664","1949696","10416",,,,,,,"Process","8",,,,,,"LON-DC1.Adatum.com",,,,,,,"10416","10416","1949696","122520","122520","2072576","2072576","8232960","8232960","78651392","2203396874240",,"1949696",,"svchost",,,"0","System.Diagnostics.ProcessStartInfo",,,"System.Diagnostics.ProcessThreadCollection",,"2203393728512","False",,,,"7921664",,
"svchost","1056",,,"211","7208960","2011136","2011136","71995392",,"0","211","2203390218240","7208960","2011136","9672",,,,,,,"Process","8",,,,,,"LON-SVR1.Adatum.com",,,,,,,"9672","9672","2011136","72896","72896","2224128","2224128","7532544","7532544","75157504","2203393380352",,"2011136",,"svchost",,,"0","System.Diagnostics.ProcessStartInfo",,,"System.Diagnostics.ProcessThreadCollection",,"2203390218240","False",,,,"7208960",,
"svchost","1060",,,"209","7172096","1974272","1974272","71995392",,"0","209","2203390218240","7172096","1974272","9672",,,,,,,"Process","8",,,,,,"LON-DC1.Adatum.com",,,,,,,"9672","9672","1974272","72896","72896","2220032","2220032","7516160","7516160","75141120","2203393363968",,"1974272",,"svchost",,,"0","System.Diagnostics.ProcessStartInfo",,,"System.Diagnostics.ProcessThreadCollection",,"2203390218240","False",,,,"7172096",,
"svchost","1092",,,"243","8966144","3399680","3399680","83755008",,"0","243","2203401977856","8966144","3399680","14272",,,,,,,"Process","8",,,,,,"LON-DC1.Adatum.com",,,,,,,"14272","14272","3399680","92280","92280","3534848","3534848","9347072","9347072","85876736","2203404099584",,"3399680",,"svchost",,,"0","System.Diagnostics.ProcessStartInfo",,,"System.Diagnostics.ProcessThreadCollection",,"2203401977856","False",,,,"8966144",,
"svchost","1100",,,"345","15572992","11227136","11227136","90931200",,"0","345","2203409154048","15572992","11227136","12992",,,,,,,"Process","8",,,,,,"LON-DC1.Adatum.com",,,,,,,"12992","12992","11227136","89944","89944","14675968","14675968","19222528","19222528","97992704","2203416215552",,"11227136",,"svchost",,,"0","System.Diagnostics.ProcessStartInfo",,,"System.Diagnostics.ProcessThreadCollection",,"2203409154048","False",,,,"15572992",,
"svchost","1108",,,"245","8683520","3305472","3305472","83664896",,"0","245","2203401887744","8683520","3305472","14264",,,,,,,"Process","8",,,,,,"LON-SVR1.Adatum.com",,,,,,,"14264","14264","3305472","90424","90424","3305472","3305472","8892416","8892416","84713472","2203402936320",,"3305472",,"svchost",,,"0","System.Diagnostics.ProcessStartInfo",,,"System.Diagnostics.ProcessThreadCollection",,"2203401887744","False",,,,"8683520",,
"svchost","1184",,,"139","6266880","1597440","1597440","101634048",,"0","139","2203419856896","6266880","1597440","9088",,,,,,,"Process","8",,,,,,"LON-SVR1.Adatum.com",,,,,,,"9088","9088","1597440","125752","125752","1835008","1835008","6901760","6901760","104255488","2203422478336",,"1597440",,"svchost",,,"0","System.Diagnostics.ProcessStartInfo",,,"System.Diagnostics.ProcessThreadCollection",,"2203419856896","False",,,,"6266880",,
"svchost","1204",,,"368","12828672","4448256","4448256","89276416",,"0","368","2203407499264","12828672","4448256","17560",,,,,,,"Process","8",,,,,,"LON-DC1.Adatum.com",,,,,,,"17560","17560","4448256","108128","108128","4726784","4726784","12992512","12992512","91906048","2203410128896",,"4448256",,"svchost",,,"0","System.Diagnostics.ProcessStartInfo",,,"System.Diagnostics.ProcessThreadCollection",,"2203407499264","False",,,,"12828672",,
"svchost","1220",,,"169","8245248","2084864","2084864","80048128",,"0","169","2203398270976","8245248","2084864","11008",,,,,,,"Process","8",,,,,,"LON-DC1.Adatum.com",,,,,,,"11008","11008","2084864","84056","84056","2293760","2293760","8749056","8749056","83718144","2203401940992",,"2084864",,"svchost",,,"0","System.Diagnostics.ProcessStartInfo",,,"System.Diagnostics.ProcessThreadCollection",,"2203398270976","False",,,,"8245248",,
"svchost","1220",,,"169","8253440","2113536","2113536","80048128",,"0","169","2203398270976","8253440","2113536","11008",,,,,,,"Process","8",,,,,,"LON-SVR1.Adatum.com",,,,,,,"11008","11008","2113536","84056","84056","2326528","2326528","8761344","8761344","83718144","2203401940992",,"2113536",,"svchost",,,"0","System.Diagnostics.ProcessStartInfo",,,"System.Diagnostics.ProcessThreadCollection",,"2203398270976","False",,,,"8253440",,
"svchost","1252",,,"132","5988352","1495040","1495040","69644288",,"0","132","2203387867136","5988352","1495040","8408",,,,,,,"Process","8",,,,,,"LON-SVR1.Adatum.com",,,,,,,"8408","8408","1495040","67720","67720","1605632","1605632","6348800","6348800","71741440","2203389964288",,"1495040",,"svchost",,,"0","System.Diagnostics.ProcessStartInfo",,,"System.Diagnostics.ProcessThreadCollection",,"2203387867136","False",,,,"5988352",,
"svchost","1252",,,"129","5922816","1486848","1486848","69644288",,"0","129","2203387867136","5922816","1486848","8408",,,,,,,"Process","8",,,,,,"LON-DC1.Adatum.com",,,,,,,"8408","8408","1486848","67720","67720","1597440","1597440","6316032","6316032","71741440","2203389964288",,"1486848",,"svchost",,,"0","System.Diagnostics.ProcessStartInfo",,,"System.Diagnostics.ProcessThreadCollection",,"2203387867136","False",,,,"5922816",,
"svchost","1260",,,"237","7438336","2490368","2490368","81973248",,"0","237","2203400196096","7438336","2490368","11688",,,,,,,"Process","8",,,,,,"LON-DC1.Adatum.com",,,,,,,"11688","11688","2490368","86968","86968","2600960","2600960","7864320","7864320","84070400","2203402293248",,"2490368",,"svchost",,,"0","System.Diagnostics.ProcessStartInfo",,,"System.Diagnostics.ProcessThreadCollection",,"2203400196096","False",,,,"7438336",,
"svchost","1260",,,"237","7487488","2510848","2510848","81973248",,"0","237","2203400196096","7487488","2510848","11688",,,,,,,"Process","8",,,,,,"LON-SVR1.Adatum.com",,,,,,,"11688","11688","2510848","86968","86968","2674688","2674688","7888896","7888896","84070400","2203402293248",,"2510848",,"svchost",,,"0","System.Diagnostics.ProcessStartInfo",,,"System.Diagnostics.ProcessThreadCollection",,"2203400196096","False",,,,"7487488",,
"svchost","1276",,,"120","5783552","1470464","1470464","69636096",,"0","120","2203387858944","5783552","1470464","8016",,,,,,,"Process","8",,,,,,"LON-DC1.Adatum.com",,,,,,,"8016","8016","1470464","67288","67288","1581056","1581056","6180864","6180864","71733248","2203389956096",,"1470464",,"svchost",,,"0","System.Diagnostics.ProcessStartInfo",,,"System.Diagnostics.ProcessThreadCollection",,"2203387858944","False",,,,"5783552",,
"svchost","1312",,,"133","6553600","1536000","1536000","68567040",,"0","133","2203386789888","6553600","1536000","8016",,,,,,,"Process","8",,,,,,"LON-DC1.Adatum.com",,,,,,,"8016","8016","1536000","65792","65792","1810432","1810432","6991872","6991872","73285632","2203391508480",,"1536000",,"svchost",,,"0","System.Diagnostics.ProcessStartInfo",,,"System.Diagnostics.ProcessThreadCollection",,"2203386789888","False",,,,"6553600",,
"svchost","1316",,,"333","13791232","9359360","9359360","90406912",,"0","333","2203408629760","13791232","9359360","13592",,,,,,,"Process","8",,,,,,"LON-SVR1.Adatum.com",,,,,,,"13592","13592","9359360","89944","89944","14217216","14217216","18509824","18509824","97632256","2203415855104",,"9359360",,"svchost",,,"0","System.Diagnostics.ProcessStartInfo",,,"System.Diagnostics.ProcessThreadCollection",,"2203408629760","False",,,,"13791232",,
"svchost","1320",,,"124","5873664","1470464","1470464","69640192",,"0","124","2203387863040","5873664","1470464","8152",,,,,,,"Process","8",,,,,,"LON-DC1.Adatum.com",,,,,,,"8152","8152","1470464","66960","66960","1642496","1642496","6262784","6262784","70688768","2203388911616",,"1470464",,"svchost",,,"0","System.Diagnostics.ProcessStartInfo",,,"System.Diagnostics.ProcessThreadCollection",,"2203387863040","False",,,,"5873664",,
"svchost","1324",,,"120","5840896","1486848","1486848","69636096",,"0","120","2203387858944","5840896","1486848","8016",,,,,,,"Process","8",,,,,,"LON-SVR1.Adatum.com",,,,,,,"8016","8016","1486848","67288","67288","1597440","1597440","6193152","6193152","71733248","2203389956096",,"1486848",,"svchost",,,"0","System.Diagnostics.ProcessStartInfo",,,"System.Diagnostics.ProcessThreadCollection",,"2203387858944","False",,,,"5840896",,
"svchost","1372",,,"124","5902336","1486848","1486848","69640192",,"0","124","2203387863040","5902336","1486848","8152",,,,,,,"Process","8",,,,,,"LON-SVR1.Adatum.com",,,,,,,"8152","8152","1486848","66960","66960","1658880","1658880","6270976","6270976","70688768","2203388911616",,"1486848",,"svchost",,,"0","System.Diagnostics.ProcessStartInfo",,,"System.Diagnostics.ProcessThreadCollection",,"2203387863040","False",,,,"5902336",,
"svchost","1380",,,"133","6610944","1568768","1568768","68567040",,"0","133","2203386789888","6610944","1568768","8016",,,,,,,"Process","8",,,,,,"LON-SVR1.Adatum.com",,,,,,,"8016","8016","1568768","65792","65792","1839104","1839104","7012352","7012352","73285632","2203391508480",,"1568768",,"svchost",,,"0","System.Diagnostics.ProcessStartInfo",,,"System.Diagnostics.ProcessThreadCollection",,"2203386789888","False",,,,"6610944",,
"svchost","1404",,,"138","6217728","1662976","1662976","101634048",,"0","138","2203419856896","6217728","1662976","9088",,,,,,,"Process","8",,,,,,"LON-DC1.Adatum.com",,,,,,,"9088","9088","1662976","125752","125752","1769472","1769472","6856704","6856704","103731200","2203421954048",,"1662976",,"svchost",,,"0","System.Diagnostics.ProcessStartInfo",,,"System.Diagnostics.ProcessThreadCollection",,"2203419856896","False",,,,"6217728",,
"svchost","1408",,,"402","19628032","11124736","11124736","113414144",,"0","402","2203431636992","19628032","11124736","32848",,,,,,,"Process","8",,,,,,"LON-DC1.Adatum.com",,,,,,,"32848","32848","11124736","117688","117688","11124736","11124736","19841024","19841024","115814400","2203434037248",,"11124736",,"svchost",,,"0","System.Diagnostics.ProcessStartInfo",,,"System.Diagnostics.ProcessThreadCollection",,"2203431636992","False",,,,"19628032",,
"svchost","1416",,,"247","11878400","2961408","2961408","85606400",,"0","247","2203403829248","11878400","2961408","15472",,,,,,,"Process","8",,,,,,"LON-DC1.Adatum.com",,,,,,,"15472","15472","2961408","102816","102816","3260416","3260416","12664832","12664832","94941184","2203413164032",,"2961408",,"svchost",,,"0","System.Diagnostics.ProcessStartInfo",,,"System.Diagnostics.ProcessThreadCollection",,"2203403829248","False",,,,"11878400",,
"svchost","1456",,,"185","7663616","1810432","1810432","100872192",,"0","185","2203419095040","7663616","1810432","9920",,,,,,,"Process","8",,,,,,"LON-DC1.Adatum.com",,,,,,,"9920","9920","1810432","130840","130840","2031616","2031616","7987200","7987200","104542208","2203422765056",,"1810432",,"svchost",,,"0","System.Diagnostics.ProcessStartInfo",,,"System.Diagnostics.ProcessThreadCollection",,"2203419095040","False",,,,"7663616",,
"svchost","1472",,,"235","11513856","2592768","2592768","83468288",,"0","235","2203401691136","11513856","2592768","14928",,,,,,,"Process","8",,,,,,"LON-SVR1.Adatum.com",,,,,,,"14928","14928","2592768","104624","104624","3084288","3084288","12349440","12349440","94896128","2203413118976",,"2592768",,"svchost",,,"0","System.Diagnostics.ProcessStartInfo",,,"System.Diagnostics.ProcessThreadCollection",,"2203401691136","False",,,,"11513856",,
"svchost","1496",,,"255","10809344","3567616","3567616","104026112",,"0","255","2203422248960","10809344","3567616","13136",,,,,,,"Process","8",,,,,,"LON-SVR1.Adatum.com",,,,,,,"13136","13136","3567616","140648","140648","4210688","4210688","11481088","11481088","110407680","2203428630528",,"3567616",,"svchost",,,"0","System.Diagnostics.ProcessStartInfo",,,"System.Diagnostics.ProcessThreadCollection",,"2203422248960","False",,,,"10809344",,
"svchost","1500",,,"169","7516160","1789952","1789952","74764288",,"0","169","2203392987136","7516160","1789952","8616",,,,,,,"Process","8",,,,,,"LON-DC1.Adatum.com",,,,,,,"8616","8616","1789952","78184","78184","2158592","2158592","7888896","7888896","81580032","2203399802880",,"1789952",,"svchost",,,"0","System.Diagnostics.ProcessStartInfo",,,"System.Diagnostics.ProcessThreadCollection",,"2203392987136","False",,,,"7516160",,
"svchost","1512",,,"166","7823360","2809856","2809856","71806976",,"0","166","2203390029824","7823360","2809856","9320",,,,,,,"Process","8",,,,,,"LON-DC1.Adatum.com",,,,,,,"9320","9320","2809856","68296","68296","3178496","3178496","8806400","8806400","82554880","2203400777728",,"2809856",,"svchost",,,"0","System.Diagnostics.ProcessStartInfo",,,"System.Diagnostics.ProcessThreadCollection",,"2203390029824","False",,,,"7823360",,
"svchost","1520",,,"117","5386240","1200128","1200128","68837376",,"0","117","2203387060224","5386240","1200128","6928",,,,,,,"Process","8",,,,,,"LON-DC1.Adatum.com",,,,,,,"6928","6928","1200128","67888","67888","1310720","1310720","5808128","5808128","70934528","2203389157376",,"1200128",,"svchost",,,"0","System.Diagnostics.ProcessStartInfo",,,"System.Diagnostics.ProcessThreadCollection",,"2203387060224","False",,,,"5386240",,
"svchost","1520",,,"221","10973184","2441216","2441216","112877568",,"0","221","2203431100416","10973184","2441216","11960",,,,,,,"Process","8",,,,,,"LON-SVR1.Adatum.com",,,,,,,"11960","11960","2441216","155544","155544","2719744","2719744","11378688","11378688","117596160","2203435819008",,"2441216",,"svchost",,,"0","System.Diagnostics.ProcessStartInfo",,,"System.Diagnostics.ProcessThreadCollection",,"2203431100416","False",,,,"10973184",,
"svchost","1568",,,"117","5402624","1212416","1212416","68837376",,"0","117","2203387060224","5402624","1212416","6928",,,,,,,"Process","8",,,,,,"LON-SVR1.Adatum.com",,,,,,,"6928","6928","1212416","67888","67888","1318912","1318912","5816320","5816320","70934528","2203389157376",,"1212416",,"svchost",,,"0","System.Diagnostics.ProcessStartInfo",,,"System.Diagnostics.ProcessThreadCollection",,"2203387060224","False",,,,"5402624",,
"svchost","1576",,,"365","12591104","4161536","4161536","86130688",,"0","365","2203404353536","12591104","4161536","17160",,,,,,,"Process","8",,,,,,"LON-SVR1.Adatum.com",,,,,,,"17160","17160","4161536","108352","108352","4911104","4911104","12902400","12902400","92753920","2203410976768",,"4161536",,"svchost",,,"0","System.Diagnostics.ProcessStartInfo",,,"System.Diagnostics.ProcessThreadCollection",,"2203404353536","False",,,,"12591104",,
"svchost","1592",,,"142","6434816","1482752","1482752","75497472",,"0","142","2203393720320","6434816","1482752","8832",,,,,,,"Process","8",,,,,,"LON-DC1.Adatum.com",,,,,,,"8832","8832","1482752","82992","82992","1671168","1671168","6836224","6836224","78807040","2203397029888",,"1482752",,"svchost",,,"0","System.Diagnostics.ProcessStartInfo",,,"System.Diagnostics.ProcessThreadCollection",,"2203393720320","False",,,,"6434816",,
"svchost","1596",,,"151","7491584","1744896","1744896","74764288",,"0","151","2203392987136","7491584","1744896","8616",,,,,,,"Process","8",,,,,,"LON-SVR1.Adatum.com",,,,,,,"8616","8616","1744896","78184","78184","2101248","2101248","7827456","7827456","81580032","2203399802880",,"1744896",,"svchost",,,"0","System.Diagnostics.ProcessStartInfo",,,"System.Diagnostics.ProcessThreadCollection",,"2203392987136","False",,,,"7491584",,
"svchost","1604",,,"403","17870848","8822784","8822784","111362048",,"0","403","2203429584896","17870848","8822784","32712",,,,,,,"Process","8",,,,,,"LON-SVR1.Adatum.com",,,,,,,"32712","32712","8822784","117776","117776","10260480","10260480","19226624","19226624","114794496","2203433017344",,"8822784",,"svchost",,,"0","System.Diagnostics.ProcessStartInfo",,,"System.Diagnostics.ProcessThreadCollection",,"2203429584896","False",,,,"17870848",,
"svchost","1692",,,"142","6455296","1486848","1486848","75497472",,"0","142","2203393720320","6455296","1486848","8832",,,,,,,"Process","8",,,,,,"LON-SVR1.Adatum.com",,,,,,,"8832","8832","1486848","82992","82992","1626112","1626112","6823936","6823936","78639104","2203396861952",,"1486848",,"svchost",,,"0","System.Diagnostics.ProcessStartInfo",,,"System.Diagnostics.ProcessThreadCollection",,"2203393720320","False",,,,"6455296",,
"svchost","1700",,,"154","7733248","1679360","1679360","75345920",,"0","154","2203393568768","7733248","1679360","9832",,,,,,,"Process","8",,,,,,"LON-DC1.Adatum.com",,,,,,,"9832","9832","1679360","81560","81560","1916928","1916928","7843840","7843840","79040512","2203397263360",,"1679360",,"svchost",,,"0","System.Diagnostics.ProcessStartInfo",,,"System.Diagnostics.ProcessThreadCollection",,"2203393568768","False",,,,"7733248",,
"svchost","1712",,,"355","13910016","4952064","4952064","116928512",,"0","355","2203435151360","13910016","4952064","17168",,,,,,,"Process","8",,,,,,"LON-DC1.Adatum.com",,,,,,,"17168","17168","4952064","242680","242680","5275648","5275648","14077952","14077952","126771200","2203444994048",,"4952064",,"svchost",,,"0","System.Diagnostics.ProcessStartInfo",,,"System.Diagnostics.ProcessThreadCollection",,"2203435151360","False",,,,"13910016",,
"svchost","1764",,,"302","7987200","2297856","2297856","77033472",,"0","302","2203395256320","7987200","2297856","9952",,,,,,,"Process","8",,,,,,"LON-DC1.Adatum.com",,,,,,,"9952","9952","2297856","95216","95216","2629632","2629632","8290304","8290304","83857408","2203402080256",,"2297856",,"svchost",,,"0","System.Diagnostics.ProcessStartInfo",,,"System.Diagnostics.ProcessThreadCollection",,"2203395256320","False",,,,"7987200",,
"svchost","1776",,,"157","6176768","1388544","1388544","72208384",,"0","157","2203390431232","6176768","1388544","8288",,,,,,,"Process","8",,,,,,"LON-DC1.Adatum.com",,,,,,,"8288","8288","1388544","76112","76112","1499136","1499136","6598656","6598656","74305536","2203392528384",,"1388544",,"svchost",,,"0","System.Diagnostics.ProcessStartInfo",,,"System.Diagnostics.ProcessThreadCollection",,"2203390431232","False",,,,"6176768",,
"svchost","1796",,,"356","14188544","5005312","5005312","117284864",,"0","356","2203435507712","14188544","5005312","17440",,,,,,,"Process","8",,,,,,"LON-SVR1.Adatum.com",,,,,,,"17440","17440","5005312","244992","244992","5410816","5410816","14446592","14446592","126603264","2203444826112",,"5005312",,"svchost",,,"0","System.Diagnostics.ProcessStartInfo",,,"System.Diagnostics.ProcessThreadCollection",,"2203435507712","False",,,,"14188544",,
"svchost","1828",,,"154","7716864","1642496","1642496","75345920",,"0","154","2203393568768","7716864","1642496","9832",,,,,,,"Process","8",,,,,,"LON-SVR1.Adatum.com",,,,,,,"9832","9832","1642496","81560","81560","1884160","1884160","7827456","7827456","79040512","2203397263360",,"1642496",,"svchost",,,"0","System.Diagnostics.ProcessStartInfo",,,"System.Diagnostics.ProcessThreadCollection",,"2203393568768","False",,,,"7716864",,
"svchost","1844",,,"291","11399168","2756608","2756608","121196544",,"0","291","2203439419392","11399168","2756608","17336",,,,,,,"Process","8",,,,,,"LON-DC1.Adatum.com",,,,,,,"17336","17336","2756608","178480","178480","2867200","2867200","11739136","11739136","123293696","2203441516544",,"2756608",,"svchost",,,"0","System.Diagnostics.ProcessStartInfo",,,"System.Diagnostics.ProcessThreadCollection",,"2203439419392","False",,,,"11399168",,
"svchost","1860",,,"214","8798208","2138112","2138112","80920576",,"0","214","2203399143424","8798208","2138112","12040",,,,,,,"Process","8",,,,,,"LON-DC1.Adatum.com",,,,,,,"12040","12040","2138112","89720","89720","2224128","2224128","9142272","9142272","82493440","2203400716288",,"2138112",,"svchost",,,"0","System.Diagnostics.ProcessStartInfo",,,"System.Diagnostics.ProcessThreadCollection",,"2203399143424","False",,,,"8798208",,
"svchost","1892",,,"300","8830976","2002944","2002944","78376960",,"0","300","2203396599808","8830976","2002944","11776",,,,,,,"Process","8",,,,,,"LON-DC1.Adatum.com",,,,,,,"11776","11776","2002944","97448","97448","2461696","2461696","9011200","9011200","82571264","2203400794112",,"2002944",,"svchost",,,"0","System.Diagnostics.ProcessStartInfo",,,"System.Diagnostics.ProcessThreadCollection",,"2203396599808","False",,,,"8830976",,
"svchost","1920",,,"157","6193152","1404928","1404928","72208384",,"0","157","2203390431232","6193152","1404928","8288",,,,,,,"Process","8",,,,,,"LON-SVR1.Adatum.com",,,,,,,"8288","8288","1404928","76112","76112","1564672","1564672","6623232","6623232","74829824","2203393052672",,"1404928",,"svchost",,,"0","System.Diagnostics.ProcessStartInfo",,,"System.Diagnostics.ProcessThreadCollection",,"2203390431232","False",,,,"6193152",,
"svchost","1928",,,"226","16420864","2973696","2973696","108720128",,"0","226","2203426942976","16420864","2973696","12072",,,,,,,"Process","8",,,,,,"LON-DC1.Adatum.com",,,,,,,"12072","12072","2973696","150928","150928","3330048","3330048","17108992","17108992","117346304","2203435569152",,"2973696",,"svchost",,,"0","System.Diagnostics.ProcessStartInfo",,,"System.Diagnostics.ProcessThreadCollection",,"2203426942976","False",,,,"16420864",,
"svchost","1964",,,"300","8847360","2035712","2035712","78376960",,"0","300","2203396599808","8847360","2035712","12608",,,,,,,"Process","8",,,,,,"LON-SVR1.Adatum.com",,,,,,,"12608","12608","2035712","97448","97448","2494464","2494464","9060352","9060352","82571264","2203400794112",,"2035712",,"svchost",,,"0","System.Diagnostics.ProcessStartInfo",,,"System.Diagnostics.ProcessThreadCollection",,"2203396599808","False",,,,"8847360",,
"svchost","1976",,,"179","7897088","1863680","1863680","77144064",,"0","179","2203395366912","7897088","1863680","10840",,,,,,,"Process","8",,,,,,"LON-DC1.Adatum.com",,,,,,,"10840","10840","1863680","84352","84352","2191360","2191360","8261632","8261632","82911232","2203401134080",,"1863680",,"svchost",,,"0","System.Diagnostics.ProcessStartInfo",,,"System.Diagnostics.ProcessThreadCollection",,"2203395366912","False",,,,"7897088",,
"svchost","1988",,,"217","8839168","2129920","2129920","80642048",,"0","217","2203398864896","8839168","2129920","11768",,,,,,,"Process","8",,,,,,"LON-SVR1.Adatum.com",,,,,,,"11768","11768","2129920","90008","90008","2347008","2347008","9228288","9228288","84312064","2203402534912",,"2129920",,"svchost",,,"0","System.Diagnostics.ProcessStartInfo",,,"System.Diagnostics.ProcessThreadCollection",,"2203398864896","False",,,,"8839168",,
"svchost","1996",,,"306","8089600","2400256","2400256","77033472",,"0","306","2203395256320","8089600","2400256","9952",,,,,,,"Process","8",,,,,,"LON-SVR1.Adatum.com",,,,,,,"9952","9952","2400256","95376","95376","2928640","2928640","8523776","8523776","87003136","2203405225984",,"2400256",,"svchost",,,"0","System.Diagnostics.ProcessStartInfo",,,"System.Diagnostics.ProcessThreadCollection",,"2203395256320","False",,,,"8089600",,
"svchost","2068",,,"292","11673600","2777088","2777088","122482688",,"0","292","2203440705536","11673600","2777088","17600",,,,,,,"Process","8",,,,,,"LON-SVR1.Adatum.com",,,,,,,"17600","17600","2777088","181088","181088","2883584","2883584","11710464","11710464","124579840","2203442802688",,"2777088",,"svchost",,,"0","System.Diagnostics.ProcessStartInfo",,,"System.Diagnostics.ProcessThreadCollection",,"2203440705536","False",,,,"11673600",,
"svchost","2080",,,"232","9781248","2211840","2211840","110948352",,"0","232","2203429171200","9781248","2211840","12608",,,,,,,"Process","8",,,,,,"LON-SVR1.Adatum.com",,,,,,,"12608","12608","2211840","151896","151896","2564096","2564096","13668352","13668352","123777024","2203441999872",,"2211840",,"svchost",,,"0","System.Diagnostics.ProcessStartInfo",,,"System.Diagnostics.ProcessThreadCollection",,"2203429171200","False",,,,"9781248",,
"svchost","2192",,,"129","9867264","3072000","3072000","74457088",,"0","129","2203392679936","9867264","3072000","8152",,,,,,,"Process","8",,,,,,"LON-DC1.Adatum.com",,,,,,,"8152","8152","3072000","76976","76976","3424256","3424256","10031104","10031104","78651392","2203396874240",,"3072000",,"svchost",,,"0","System.Diagnostics.ProcessStartInfo",,,"System.Diagnostics.ProcessThreadCollection",,"2203392679936","False",,,,"9867264",,
"svchost","2212",,,"355","18681856","9957376","9957376","109064192",,"0","355","2203427287040","18681856","9957376","14776",,,,,,,"Process","8",,,,,,"LON-SVR1.Adatum.com",,,,,,,"14776","14776","9957376","111112","111112","13537280","13537280","22401024","22401024","123895808","2203442118656",,"9957376",,"svchost",,,"0","System.Diagnostics.ProcessStartInfo",,,"System.Diagnostics.ProcessThreadCollection",,"2203427287040","False",,,,"18681856",,
"svchost","2236",,,"175","8200192","1757184","1757184","75292672",,"0","175","2203393515520","8200192","1757184","9648",,,,,,,"Process","8",,,,,,"LON-DC1.Adatum.com",,,,,,,"9648","9648","1757184","78912","78912","2023424","2023424","8564736","8564736","80011264","2203398234112",,"1757184",,"svchost",,,"0","System.Diagnostics.ProcessStartInfo",,,"System.Diagnostics.ProcessThreadCollection",,"2203393515520","False",,,,"8200192",,
"svchost","2260",,,"158","7864320","1658880","1658880","79495168",,"0","158","2203397718016","7864320","1658880","9160",,,,,,,"Process","8",,,,,,"LON-DC1.Adatum.com",,,,,,,"9160","9160","1658880","88368","88368","1908736","1908736","8269824","8269824","84213760","2203402436608",,"1658880",,"svchost",,,"0","System.Diagnostics.ProcessStartInfo",,,"System.Diagnostics.ProcessThreadCollection",,"2203397718016","False",,,,"7864320",,
"svchost","2340",,,"176","8245248","1781760","1781760","75292672",,"0","176","2203393515520","8245248","1781760","9648",,,,,,,"Process","8",,,,,,"LON-SVR1.Adatum.com",,,,,,,"9648","9648","1781760","78912","78912","2039808","2039808","8589312","8589312","80011264","2203398234112",,"1781760",,"svchost",,,"0","System.Diagnostics.ProcessStartInfo",,,"System.Diagnostics.ProcessThreadCollection",,"2203393515520","False",,,,"8245248",,
"svchost","2344",,,"378","18685952","9379840","9379840","111153152",,"0","378","2203429376000","18685952","9379840","14776",,,,,,,"Process","8",,,,,,"LON-DC1.Adatum.com",,,,,,,"14776","14776","9379840","111752","111752","12431360","12431360","21954560","21954560","121671680","2203439894528",,"9379840",,"svchost",,,"0","System.Diagnostics.ProcessStartInfo",,,"System.Diagnostics.ProcessThreadCollection",,"2203429376000","False",,,,"18685952",,
"svchost","2356",,,"348","13918208","3940352","3940352","132161536",,"0","348","2203450384384","13918208","3940352","25944",,,,,,,"Process","8",,,,,,"LON-DC1.Adatum.com",,,,,,,"25944","25944","3940352","133536","133536","5349376","5349376","15069184","15069184","137900032","2203456122880",,"3940352",,"svchost",,,"0","System.Diagnostics.ProcessStartInfo",,,"System.Diagnostics.ProcessThreadCollection",,"2203450384384","False",,,,"13918208",,
"svchost","2396",,,"254","13602816","4120576","4120576","130875392",,"0","254","2203449098240","13602816","4120576","25936",,,,,,,"Process","8",,,,,,"LON-SVR1.Adatum.com",,,,,,,"25936","25936","4120576","124736","124736","5398528","5398528","14917632","14917632","136695808","2203454918656",,"4120576",,"svchost",,,"0","System.Diagnostics.ProcessStartInfo",,,"System.Diagnostics.ProcessThreadCollection",,"2203449098240","False",,,,"13602816",,
"svchost","2404",,,"485","24948736","10391552","10391552","132743168",,"0","485","2203450966016","24948736","10391552","23216",,,,,,,"Process","8",,,,,,"LON-SVR1.Adatum.com",,,,,,,"23216","23216","10391552","180256","180256","12574720","12574720","53985280","53985280","300634112","2203618856960",,"10391552",,"svchost",,,"0","System.Diagnostics.ProcessStartInfo",,,"System.Diagnostics.ProcessThreadCollection",,"2203450966016","False",,,,"24948736",,
"svchost","2484",,,"460","12111872","3334144","3334144","88895488",,"0","460","2203407118336","12111872","3334144","18496",,,,,,,"Process","8",,,,,,"LON-DC1.Adatum.com",,,,,,,"18496","18496","3334144","118768","118768","3923968","3923968","12349440","12349440","97140736","2203415363584",,"3334144",,"svchost",,,"0","System.Diagnostics.ProcessStartInfo",,,"System.Diagnostics.ProcessThreadCollection",,"2203407118336","False",,,,"12111872",,
"svchost","2516",,,"133","6361088","1544192","1544192","70836224",,"0","133","2203389059072","6361088","1544192","9416",,,,,,,"Process","8",,,,,,"LON-SVR1.Adatum.com",,,,,,,"9416","9416","1544192","71728","71728","1708032","1708032","6791168","6791168","73461760","2203391684608",,"1544192",,"svchost",,,"0","System.Diagnostics.ProcessStartInfo",,,"System.Diagnostics.ProcessThreadCollection",,"2203389059072","False",,,,"6361088",,
"svchost","2540",,,"192","10174464","6098944","6098944","158789632",,"0","192","2203477012480","10174464","6098944","14952",,,,,,,"Process","8",,,,,,"LON-DC1.Adatum.com",,,,,,,"14952","14952","6098944","98752","98752","6344704","6344704","10211328","10211328","163508224","2203481731072",,"6098944",,"svchost",,,"0","System.Diagnostics.ProcessStartInfo",,,"System.Diagnostics.ProcessThreadCollection",,"2203477012480","False",,,,"10174464",,
"svchost","2540",,,"136","6225920","1511424","1511424","68243456",,"0","136","2207681433600","6225920","1511424","8152",,,,,,,"Process","8",,,,,,"LON-SVR1.Adatum.com",,,,,,,"8152","8152","1511424","67096","67096","1675264","1675264","6246400","6246400","70864896","2207684055040",,"1511424",,"svchost",,,"0","System.Diagnostics.ProcessStartInfo",,,"System.Diagnostics.ProcessThreadCollection",,"2207681433600","False",,,,"6225920",,
"svchost","2552",,,"202","8028160","2084864","2084864","71000064",,"0","202","2203389222912","8028160","2084864","10336",,,,,,,"Process","8",,,,,,"LON-SVR1.Adatum.com",,,,,,,"10336","10336","2084864","71056","71056","2289664","2289664","8478720","8478720","75137024","2203393359872",,"2084864",,"svchost",,,"0","System.Diagnostics.ProcessStartInfo",,,"System.Diagnostics.ProcessThreadCollection",,"2203389222912","False",,,,"8028160",,
"svchost","2572",,,"136","5332992","1269760","1269760","66048000",,"0","136","2203384270848","5332992","1269760","7240",,,,,,,"Process","8",,,,,,"LON-SVR1.Adatum.com",,,,,,,"7240","7240","1269760","63640","63640","1433600","1433600","5767168","5767168","68669440","2203386892288",,"1269760",,"svchost",,,"0","System.Diagnostics.ProcessStartInfo",,,"System.Diagnostics.ProcessThreadCollection",,"2203384270848","False",,,,"5332992",,
"svchost","2624",,,"251","12083200","3694592","3694592","114774016",,"0","251","2203432996864","12083200","3694592","14464",,,,,,,"Process","8",,,,,,"LON-SVR1.Adatum.com",,,,,,,"14464","14464","3694592","159024","159024","3809280","3809280","12337152","12337152","117436416","2203435659264",,"3694592",,"svchost",,,"0","System.Diagnostics.ProcessStartInfo",,,"System.Diagnostics.ProcessThreadCollection",,"2203432996864","False",,,,"12083200",,
"svchost","2636",,,"164","12742656","2347008","2347008","84221952",,"0","164","2203402444800","12742656","2347008","10648",,,,,,,"Process","8",,,,,,"LON-DC1.Adatum.com",,,,,,,"10648","10648","2347008","100104","100104","2691072","2691072","13152256","13152256","91037696","2203409260544",,"2347008",,"svchost",,,"0","System.Diagnostics.ProcessStartInfo",,,"System.Diagnostics.ProcessThreadCollection",,"2203402444800","False",,,,"12742656",,
"svchost","2672",,,"225","16539648","3014656","3014656","108720128",,"0","225","2203426942976","16539648","3014656","12072",,,,,,,"Process","8",,,,,,"LON-SVR1.Adatum.com",,,,,,,"12072","12072","3014656","150928","150928","3358720","3358720","17141760","17141760","117346304","2203435569152",,"3014656",,"svchost",,,"0","System.Diagnostics.ProcessStartInfo",,,"System.Diagnostics.ProcessThreadCollection",,"2203426942976","False",,,,"16539648",,
"svchost","2684",,,"379","27541504","8957952","8957952","129748992",,"0","379","2203447971840","27541504","8957952","19680",,,,,,,"Process","8",,,,,,"LON-DC1.Adatum.com",,,,,,,"19680","19680","8957952","177720","177720","10473472","10473472","29360128","29360128","167448576","2203485671424",,"8957952",,"svchost",,,"0","System.Diagnostics.ProcessStartInfo",,,"System.Diagnostics.ProcessThreadCollection",,"2203447971840","False",,,,"27541504",,
"svchost","2808",,,"142","6901760","1474560","1474560","68083712",,"0","142","2203386306560","6901760","1474560","7744",,,,,,,"Process","8",,,,,,"LON-DC1.Adatum.com",,,,,,,"7744","7744","1474560","69184","69184","1781760","1781760","7323648","7323648","72888320","2203391111168",,"1474560",,"svchost",,,"0","System.Diagnostics.ProcessStartInfo",,,"System.Diagnostics.ProcessThreadCollection",,"2203386306560","False",,,,"6901760",,
"svchost","2888",,,"380","11923456","3235840","3235840","95870976",,"0","380","2203414093824","11923456","3235840","23616",,,,,,,"Process","8",,,,,,"LON-SVR1.Adatum.com",,,,,,,"23616","23616","3235840","121064","121064","3506176","3506176","12316672","12316672","100589568","2203418812416",,"3235840",,"svchost",,,"0","System.Diagnostics.ProcessStartInfo",,,"System.Diagnostics.ProcessThreadCollection",,"2203414093824","False",,,,"11923456",,
"svchost","2900",,,"465","12103680","3354624","3354624","89006080",,"0","465","2203407228928","12103680","3354624","16952",,,,,,,"Process","8",,,,,,"LON-SVR1.Adatum.com",,,,,,,"16952","16952","3354624","123112","123112","4161536","4161536","12353536","12353536","98824192","2203417047040",,"3354624",,"svchost",,,"0","System.Diagnostics.ProcessStartInfo",,,"System.Diagnostics.ProcessThreadCollection",,"2203407228928","False",,,,"12103680",,
"svchost","2952",,,"224","12132352","2670592","2670592","101036032",,"0","224","2203419258880","12132352","2670592","12272",,,,,,,"Process","8",,,,,,"LON-DC1.Adatum.com",,,,,,,"12272","12272","2670592","131336","131336","2887680","2887680","12222464","12222464","105795584","2203424018432",,"2670592",,"svchost",,,"0","System.Diagnostics.ProcessStartInfo",,,"System.Diagnostics.ProcessThreadCollection",,"2203419258880","False",,,,"12132352",,
"svchost","3128",,,"202","8077312","2117632","2117632","71000064",,"0","202","2203389222912","8077312","2117632","10336",,,,,,,"Process","8",,,,,,"LON-DC1.Adatum.com",,,,,,,"10336","10336","2117632","71056","71056","2269184","2269184","8568832","8568832","74088448","2203392311296",,"2117632",,"svchost",,,"0","System.Diagnostics.ProcessStartInfo",,,"System.Diagnostics.ProcessThreadCollection",,"2203389222912","False",,,,"8077312",,
"svchost","3300",,,"382","28278784","9961472","9961472","129728512",,"0","382","2203447951360","28278784","9961472","19672",,,,,,,"Process","8",,,,,,"LON-SVR1.Adatum.com",,,,,,,"19672","19672","9961472","177728","177728","11587584","11587584","31076352","31076352","170606592","2203488829440",,"9961472",,"svchost",,,"0","System.Diagnostics.ProcessStartInfo",,,"System.Diagnostics.ProcessThreadCollection",,"2203447951360","False",,,,"28278784",,
"svchost","3360",,,"163","10485760","3756032","3756032","81580032",,"0","163","2203399802880","10485760","3756032","11480",,,,,,,"Process","8",,,,,,"LON-DC1.Adatum.com",,,,,,,"11480","11480","3756032","79880","79880","4112384","4112384","10948608","10948608","87347200","2203405570048",,"3756032",,"svchost",,,"0","System.Diagnostics.ProcessStartInfo",,,"System.Diagnostics.ProcessThreadCollection",,"2203399802880","False",,,,"10485760",,
"svchost","3400",,,"125","5484544","1257472","1257472","74395648",,"0","125","2203392618496","5484544","1257472","6928",,,,,,,"Process","8",,,,,,"LON-DC1.Adatum.com",,,,,,,"6928","6928","1257472","62392","62392","1368064","1368064","5873664","5873664","76492800","2203394715648",,"1257472",,"svchost",,,"0","System.Diagnostics.ProcessStartInfo",,,"System.Diagnostics.ProcessThreadCollection",,"2203392618496","False",,,,"5484544",,
"svchost","3436",,,"357","34258944","132620288","132620288","327577600",,"0","357","2203645800448","34258944","132620288","33472",,,,,,,"Process","8",,,,,,"LON-DC1.Adatum.com",,,,,,,"33472","33472","132620288","184728","184728","133861376","133861376","35377152","35377152","331780096","2203650002944",,"132620288",,"svchost",,,"0","System.Diagnostics.ProcessStartInfo",,,"System.Diagnostics.ProcessThreadCollection",,"2203645800448","False",,,,"34258944",,
"svchost","3452",,,"485","25014272","10244096","10244096","137609216",,"0","485","2203455832064","25014272","10244096","23088",,,,,,,"Process","8",,,,,,"LON-DC1.Adatum.com",,,,,,,"23088","23088","10244096","189656","189656","12496896","12496896","53501952","53501952","310222848","2203628445696",,"10244096",,"svchost",,,"0","System.Diagnostics.ProcessStartInfo",,,"System.Diagnostics.ProcessThreadCollection",,"2203455832064","False",,,,"25014272",,
"svchost","3460",,,"144","6938624","1519616","1519616","68083712",,"0","144","2203386306560","6938624","1519616","7744",,,,,,,"Process","8",,,,,,"LON-SVR1.Adatum.com",,,,,,,"7744","7744","1519616","69184","69184","1802240","1802240","7319552","7319552","72888320","2203391111168",,"1519616",,"svchost",,,"0","System.Diagnostics.ProcessStartInfo",,,"System.Diagnostics.ProcessThreadCollection",,"2203386306560","False",,,,"6938624",,
"svchost","3552",,,"133","6336512","1540096","1540096","70836224",,"0","133","2203389059072","6336512","1540096","9416",,,,,,,"Process","8",,,,,,"LON-DC1.Adatum.com",,,,,,,"9416","9416","1540096","71728","71728","1708032","1708032","6782976","6782976","73461760","2203391684608",,"1540096",,"svchost",,,"0","System.Diagnostics.ProcessStartInfo",,,"System.Diagnostics.ProcessThreadCollection",,"2203389059072","False",,,,"6336512",,
"svchost","3560",,,"136","5992448","1462272","1462272","68243456",,"0","136","2207681433600","5992448","1462272","8152",,,,,,,"Process","8",,,,,,"LON-DC1.Adatum.com",,,,,,,"8152","8152","1462272","67096","67096","1626112","1626112","6402048","6402048","70864896","2207684055040",,"1462272",,"svchost",,,"0","System.Diagnostics.ProcessStartInfo",,,"System.Diagnostics.ProcessThreadCollection",,"2207681433600","False",,,,"5992448",,
"svchost","3628",,,"226","11390976","4792320","4792320","93765632",,"0","226","2203411988480","11390976","4792320","14440",,,,,,,"Process","8",,,,,,"LON-DC1.Adatum.com",,,,,,,"14440","14440","4792320","85696","85696","4898816","4898816","11784192","11784192","95338496","2203413561344",,"4792320",,"svchost",,,"0","System.Diagnostics.ProcessStartInfo",,,"System.Diagnostics.ProcessThreadCollection",,"2203411988480","False",,,,"11390976",,
"svchost","3652",,,"227","11366400","3919872","3919872","112857088",,"0","227","2203431079936","11366400","3919872","13376",,,,,,,"Process","8",,,,,,"LON-DC1.Adatum.com",,,,,,,"13376","13376","3919872","155120","155120","3977216","3977216","11431936","11431936","114429952","2203432652800",,"3919872",,"svchost",,,"0","System.Diagnostics.ProcessStartInfo",,,"System.Diagnostics.ProcessThreadCollection",,"2203431079936","False",,,,"11366400",,
"svchost","3852",,,"174","8060928","2912256","2912256","72007680",,"0","174","2203390230528","8060928","2912256","9456",,,,,,,"Process","8",,,,,,"LON-SVR1.Adatum.com",,,,,,,"9456","9456","2912256","68688","68688","3252224","3252224","8978432","8978432","82554880","2203400777728",,"2912256",,"svchost",,,"0","System.Diagnostics.ProcessStartInfo",,,"System.Diagnostics.ProcessThreadCollection",,"2203390230528","False",,,,"8060928",,
"svchost","3940",,,"380","11825152","3248128","3248128","95870976",,"0","380","2203414093824","11825152","3248128","24432",,,,,,,"Process","8",,,,,,"LON-DC1.Adatum.com",,,,,,,"24432","24432","3248128","121064","121064","3469312","3469312","12222464","12222464","100065280","2203418288128",,"3248128",,"svchost",,,"0","System.Diagnostics.ProcessStartInfo",,,"System.Diagnostics.ProcessThreadCollection",,"2203414093824","False",,,,"11825152",,
"svchost","4076",,,"166","12800000","2453504","2453504","86319104",,"0","166","2203404541952","12800000","2453504","10920",,,,,,,"Process","8",,,,,,"LON-SVR1.Adatum.com",,,,,,,"10920","10920","2453504","99944","99944","2699264","2699264","13217792","13217792","91037696","2203409260544",,"2453504",,"svchost",,,"0","System.Diagnostics.ProcessStartInfo",,,"System.Diagnostics.ProcessThreadCollection",,"2203404541952","False",,,,"12800000",,
"svchost","4088",,,"142","6373376","1564672","1564672","70590464",,"0","142","2203388813312","6373376","1564672","11984",,,,,,,"Process","8",,,,,,"LON-SVR1.Adatum.com",,,,,,,"11984","11984","1564672","70048","70048","1654784","1654784","6733824","6733824","72687616","2203390910464",,"1564672",,"svchost",,,"0","System.Diagnostics.ProcessStartInfo",,,"System.Diagnostics.ProcessThreadCollection",,"2203388813312","False",,,,"6373376",,
"svchost","4176",,,"211","7188480","2162688","2162688","72724480",,"0","211","2203390947328","7188480","2162688","8264",,,,,,,"Process","8",,,,,,"LON-DC1.Adatum.com",,,,,,,"8264","8264","2162688","67368","67368","3059712","3059712","7958528","7958528","82960384","2203401183232",,"2162688",,"svchost",,,"0","System.Diagnostics.ProcessStartInfo",,,"System.Diagnostics.ProcessThreadCollection",,"2203390947328","False",,,,"7188480",,
"svchost","4192",,,"190","10125312","6115328","6115328","158789632",,"0","190","2203477012480","10125312","6115328","14952",,,,,,,"Process","8",,,,,,"LON-SVR1.Adatum.com",,,,,,,"14952","14952","6115328","98752","98752","6365184","6365184","10162176","10162176","163508224","2203481731072",,"6115328",,"svchost",,,"0","System.Diagnostics.ProcessStartInfo",,,"System.Diagnostics.ProcessThreadCollection",,"2203477012480","False",,,,"10125312",,
"svchost","4324",,,"161","7028736","1925120","1925120","68272128",,"0","161","2203386494976","7028736","1925120","10144",,,,,,,"Process","8",,,,,,"LON-SVR1.Adatum.com",,,,,,,"10144","10144","1925120","63608","63608","2625536","2625536","8138752","8138752","70369280","2203388592128",,"1925120",,"svchost",,,"0","System.Diagnostics.ProcessStartInfo",,,"System.Diagnostics.ProcessThreadCollection",,"2203386494976","False",,,,"7028736",,
"svchost","4468",,,"324","14548992","8720384","8720384","200876032",,"0","324","2203519098880","14548992","8720384","20656",,,,,,,"Process","8",,,,,,"LON-DC1.Adatum.com",,,,,,,"20656","20656","8720384","169000","169000","12943360","12943360","16605184","16605184","203919360","2203522142208",,"8720384",,"svchost",,,"0","System.Diagnostics.ProcessStartInfo",,,"System.Diagnostics.ProcessThreadCollection",,"2203519098880","False",,,,"14548992",,
"svchost","4480",,,"158","8212480","1658880","1658880","79495168",,"0","158","2203397718016","8212480","1658880","9160",,,,,,,"Process","8",,,,,,"LON-SVR1.Adatum.com",,,,,,,"9160","9160","1658880","88368","88368","1933312","1933312","8298496","8298496","84213760","2203402436608",,"1658880",,"svchost",,,"0","System.Diagnostics.ProcessStartInfo",,,"System.Diagnostics.ProcessThreadCollection",,"2203397718016","False",,,,"8212480",,
"svchost","4496",,,"197","7135232","2215936","2215936","72724480",,"0","197","2203390947328","7135232","2215936","8264",,,,,,,"Process","8",,,,,,"LON-SVR1.Adatum.com",,,,,,,"8264","8264","2215936","67368","67368","3194880","3194880","8085504","8085504","81911808","2203400134656",,"2215936",,"svchost",,,"0","System.Diagnostics.ProcessStartInfo",,,"System.Diagnostics.ProcessThreadCollection",,"2203390947328","False",,,,"7135232",,
"svchost","4512",,,"129","10031104","3219456","3219456","74457088",,"0","129","2203392679936","10031104","3219456","8152",,,,,,,"Process","8",,,,,,"LON-SVR1.Adatum.com",,,,,,,"8152","8152","3219456","76976","76976","3440640","3440640","10211328","10211328","78651392","2203396874240",,"3219456",,"svchost",,,"0","System.Diagnostics.ProcessStartInfo",,,"System.Diagnostics.ProcessThreadCollection",,"2203392679936","False",,,,"10031104",,
"svchost","4840",,,"151","7413760","5636096","5636096","76877824",,"0","151","2203395100672","7413760","5636096","9240",,,,,,,"Process","8",,,,,,"LON-SVR1.Adatum.com",,,,,,,"9240","9240","5636096","68888","68888","5992448","5992448","7524352","7524352","79097856","2203397320704",,"5636096",,"svchost",,,"0","System.Diagnostics.ProcessStartInfo",,,"System.Diagnostics.ProcessThreadCollection",,"2203395100672","False",,,,"7413760",,
"svchost","4976",,,"307","14049280","8622080","8622080","198778880",,"0","307","2203517001728","14049280","8622080","20384",,,,,,,"Process","8",,,,,,"LON-SVR1.Adatum.com",,,,,,,"20384","20384","8622080","167288","167288","12726272","12726272","16506880","16506880","202870784","2203521093632",,"8622080",,"svchost",,,"0","System.Diagnostics.ProcessStartInfo",,,"System.Diagnostics.ProcessThreadCollection",,"2203517001728","False",,,,"14049280",,
"svchost","5036",,,"149","7458816","5574656","5574656","76906496",,"0","149","2203395129344","7458816","5574656","9240",,,,,,,"Process","8",,,,,,"LON-DC1.Adatum.com",,,,,,,"9240","9240","5574656","68888","68888","5951488","5951488","7528448","7528448","80175104","2203398397952",,"5574656",,"svchost",,,"0","System.Diagnostics.ProcessStartInfo",,,"System.Diagnostics.ProcessThreadCollection",,"2203395129344","False",,,,"7458816",,
"svchost","5068",,,"226","12075008","2744320","2744320","102608896",,"0","226","2203420831744","12075008","2744320","12544",,,,,,,"Process","8",,,,,,"LON-SVR1.Adatum.com",,,,,,,"12544","12544","2744320","131336","131336","2854912","2854912","12111872","12111872","105795584","2203424018432",,"2744320",,"svchost",,,"0","System.Diagnostics.ProcessStartInfo",,,"System.Diagnostics.ProcessThreadCollection",,"2203420831744","False",,,,"12075008",,
"System","4",,,"1542","36864","192512","192512","3919872",,"0","1542","3919872","36864","192512","272",,,,,,,"Process","8",,,,,,"LON-DC1.Adatum.com",,,,,,,"272","272","192512","0","0","208896","208896","761856","761856","13602816","13602816",,"192512",,"System",,,"0","System.Diagnostics.ProcessStartInfo",,,"System.Diagnostics.ProcessThreadCollection",,"3919872","False",,,,"36864",,
"System","4",,,"1479","40960","196608","196608","3919872",,"0","1479","3919872","40960","196608","272",,,,,,,"Process","8",,,,,,"LON-SVR1.Adatum.com",,,,,,,"272","272","196608","0","0","212992","212992","761856","761856","13602816","13602816",,"196608",,"System",,,"0","System.Diagnostics.ProcessStartInfo",,,"System.Diagnostics.ProcessThreadCollection",,"3919872","False",,,,"40960",,
"VSSVC","1636",,,"149","8810496","1712128","1712128","74960896",,"0","149","2203393183744","8810496","1712128","9648",,,,,,,"Process","8",,,,,,"LON-DC1.Adatum.com",,,,,,,"9648","9648","1712128","77912","77912","2158592","2158592","8835072","8835072","77582336","2203395805184",,"1712128",,"VSSVC",,,"0","System.Diagnostics.ProcessStartInfo",,,"System.Diagnostics.ProcessThreadCollection",,"2203393183744","False",,,,"8810496",,
"VSSVC","1872",,,"149","8822784","1687552","1687552","73912320",,"0","149","2203392135168","8822784","1687552","9512",,,,,,,"Process","8",,,,,,"LON-SVR1.Adatum.com",,,,,,,"9512","9512","1687552","77912","77912","2150400","2150400","8839168","8839168","77058048","2203395280896",,"1687552",,"VSSVC",,,"0","System.Diagnostics.ProcessStartInfo",,,"System.Diagnostics.ProcessThreadCollection",,"2203392135168","False",,,,"8822784",,
"wininit","504",,,"171","6787072","1384448","1384448","69091328",,"0","171","2203387314176","6787072","1384448","10968",,,,,,,"Process","13",,,,,,"LON-SVR1.Adatum.com",,,,,,,"10968","10968","1384448","76688","76688","1777664","1777664","7294976","7294976","80965632","2203399188480",,"1384448",,"wininit",,,"0","System.Diagnostics.ProcessStartInfo",,,"System.Diagnostics.ProcessThreadCollection",,"2203387314176","False",,,,"6787072",,
"wininit","508",,,"172","6787072","1396736","1396736","69091328",,"0","172","2203387314176","6787072","1396736","10968",,,,,,,"Process","13",,,,,,"LON-DC1.Adatum.com",,,,,,,"10968","10968","1396736","76688","76688","1867776","1867776","7311360","7311360","80965632","2203399188480",,"1396736",,"wininit",,,"0","System.Diagnostics.ProcessStartInfo",,,"System.Diagnostics.ProcessThreadCollection",,"2203387314176","False",,,,"6787072",,
"winlogon","552",,,"224","10555392","2404352","2404352","98246656",,"0","224","2203416469504","10555392","2404352","10792",,,,,,,"Process","13",,,,,,"LON-DC1.Adatum.com",,,,,,,"10792","10792","2404352","132264","132264","3760128","3760128","11161600","11161600","105422848","2203423645696",,"2404352",,"winlogon",,,"0","System.Diagnostics.ProcessStartInfo",,,"System.Diagnostics.ProcessThreadCollection",,"2203416469504","False",,,,"10555392",,
"winlogon","552",,,"221","10616832","2392064","2392064","98246656",,"0","221","2203416469504","10616832","2392064","10792",,,,,,,"Process","13",,,,,,"LON-SVR1.Adatum.com",,,,,,,"10792","10792","2392064","132104","132104","3674112","3674112","11206656","11206656","104873984","2203423096832",,"2392064",,"winlogon",,,"0","System.Diagnostics.ProcessStartInfo",,,"System.Diagnostics.ProcessThreadCollection",,"2203416469504","False",,,,"10616832",,
"wlms","2684",,,"54","3026944","749568","749568","49020928",,"0","54","2203367243776","3026944","749568","4472",,,,,,,"Process","8",,,,,,"LON-SVR1.Adatum.com",,,,,,,"4472","4472","749568","27184","27184","806912","806912","3268608","3268608","50864128","2203369086976",,"749568",,"wlms",,,"0","System.Diagnostics.ProcessStartInfo",,,"System.Diagnostics.ProcessThreadCollection",,"2203367243776","False",,,,"3026944",,
"wlms","3664",,,"54","3006464","716800","716800","49020928",,"0","54","2203367243776","3006464","716800","4472",,,,,,,"Process","8",,,,,,"LON-DC1.Adatum.com",,,,,,,"4472","4472","716800","27184","27184","774144","774144","3272704","3272704","50069504","2203368292352",,"716800",,"wlms",,,"0","System.Diagnostics.ProcessStartInfo",,,"System.Diagnostics.ProcessThreadCollection",,"2203367243776","False",,,,"3006464",,
